City_ID,City,Lat,Lng,Max Temp,Humidity,Cloudiness,Wind Speed,Country,Date
0,west island,-12.1568,96.8225,25.99,83,75,5.14,CC,1731518813
1,port-aux-francais,-49.35,70.2167,3.74,90,100,12.13,TF,1731518815
2,jamestown,42.097,-79.2353,8.9,41,0,2.68,US,1731518731
3,badger,64.8,-147.5333,-17.88,78,75,1.54,US,1731518817
4,iskateley,67.6803,53.1512,-1.82,98,100,4.39,RU,1731518818
5,adamstown,-25.066,-130.1015,21.61,77,100,4.06,PN,1731518819
6,isafjordur,66.0755,-23.124,7.02,53,40,4.63,IS,1731518820
7,khandyga,62.6667,135.6,-28.18,96,23,1.34,RU,1731518821
8,uturoa,-16.7333,-151.4333,26.23,74,83,7.38,PF,1731518823
9,happy valley-goose bay,53.3168,-60.3315,-2.83,50,20,4.63,CA,1731518824
10,punta arenas,-53.15,-70.9167,13.06,44,40,10.8,CL,1731518825
11,atafu village,-8.5421,-172.5159,28.41,76,10,6.34,TK,1731518826
12,stanley,54.868,-1.6985,10.29,91,40,4.63,GB,1731518827
13,kavaratti,10.5669,72.642,28.82,68,100,1.44,IN,1731518828
14,puerto cabezas,14.0351,-83.3888,30.98,74,40,3.09,NI,1731518829
15,edinburgh of the seven seas,-37.0676,-12.3116,16.38,89,5,9.64,SH,1731518716
16,mangaratiba,-22.9597,-44.0406,20.55,97,100,4.93,BR,1731518832
17,puerto natales,-51.7236,-72.4875,13.25,38,40,15.43,CL,1731518833
18,novyy urgal,51.0736,132.5642,-10.55,88,100,1.58,RU,1731518834
19,sumbawa besar,-8.5,117.4333,24.21,82,100,1.57,ID,1731518835
20,pacasmayo,-7.4006,-79.5714,17.91,86,100,4.26,PE,1731518836
21,invercargill,-46.4,168.35,7.23,96,89,1.65,NZ,1731518839
22,grytviken,-54.2811,-36.5092,-0.83,85,100,1.64,GS,1731518840
23,yayva,59.3303,57.2641,-1.7,97,100,3.37,RU,1731518841
24,sandnessjoen,66.0217,12.6316,7.06,70,75,10.29,NO,1731518842
25,st. john's,47.5649,-52.7093,4.98,97,100,11.32,CA,1731518555
26,mount gambier,-37.8333,140.7667,6.47,88,42,1.45,AU,1731518844
27,haiku-pauwela,20.9219,-156.3051,22.36,91,40,8.05,US,1731518846
28,iqaluit,63.7506,-68.5145,-10.15,67,75,1.54,CA,1731518847
29,povolzhskiy,53.5854,49.7629,-1.21,82,100,3.73,RU,1731518849
30,yellowknife,62.456,-114.3525,-12.55,97,75,3.6,CA,1731518851
31,muromtsevo,56.3724,75.2418,-10.78,96,91,2.68,RU,1731518852
32,wailua homesteads,22.0669,-159.378,23.44,90,20,8.23,US,1731518853
33,trondheim,63.4305,10.3951,7.03,88,100,3.13,NO,1731518854
34,huilong,31.8111,121.655,18.26,86,44,3.59,CN,1731518855
35,kone,-21.0595,164.8658,21.21,94,54,2.02,NC,1731518856
36,albany,42.6001,-73.9662,6.07,52,0,1.34,US,1731518680
37,bethel,41.3712,-73.414,8.9,40,0,4.63,US,1731518733
38,olonkinbyen,70.9221,-8.7187,-2.45,61,16,13.34,SJ,1731518860
39,alice springs,-23.7,133.8833,16.75,36,58,1.54,AU,1731518861
40,altai,46.3722,96.2583,-4.8,58,14,5.89,MN,1731518862
41,bilibino,68.0546,166.4372,-20.73,100,60,2.07,RU,1731518863
42,praia da vitoria,38.7333,-27.0667,20.14,77,75,5.3,PT,1731518654
43,georgetown,5.4112,100.3354,27.96,82,20,2.24,MY,1731518596
44,ati,13.2154,18.3353,31.91,15,3,4.63,TD,1731518867
45,acapulco de juarez,16.8634,-99.8901,29.9,74,75,3.09,MX,1731518861
46,shancheng,34.7953,116.0817,15.33,94,100,2.07,CN,1731518869
47,lebu,-37.6167,-73.65,15.36,69,46,8.47,CL,1731518587
48,blackmans bay,-43.0167,147.3167,9.07,76,100,1.86,AU,1731518871
49,tralee,52.2704,-9.7026,7.14,100,40,1.03,IE,1731518582
50,namtsy,62.7161,129.6658,-24.89,100,100,2.16,RU,1731518873
51,hermanus,-34.4187,19.2345,17.67,60,0,7.74,ZA,1731518875
52,tura,25.5198,90.2201,18.48,78,0,1.92,IN,1731518876
53,zemio,5.0314,25.1361,25.82,69,32,2.37,CF,1731518877
54,lospalos,-8.5186,127.0025,22.15,90,38,1.04,TL,1731518878
55,tumayr,25.7039,45.868,22.31,28,4,4.35,SA,1731518879
56,ust-nera,64.5667,143.2,-30.59,97,65,0.44,RU,1731518880
57,nuku'alofa,-21.1333,-175.2,23.19,94,75,3.09,TO,1731518881
58,coquimbo,-29.9533,-71.3436,18.88,64,100,4.12,CL,1731518600
59,longboat key,27.4125,-82.659,30.03,58,40,6.17,US,1731518884
60,margaret river,-33.95,115.0667,13.33,94,79,4.77,AU,1731518885
61,alesund,62.4723,6.1549,10.42,79,75,8.75,NO,1731518886
62,ujae,8.9322,165.7642,28.72,69,52,7.82,MH,1731518887
63,fuqing,25.725,119.3794,20.07,92,100,2.78,CN,1731518888
64,dudinka,69.4058,86.1778,-24.54,98,99,2.22,RU,1731518889
65,port mathurin,-19.6833,63.4167,24.58,84,2,7.21,MU,1731518890
66,dien bien phu,21.3833,103.0167,23.43,76,72,0.52,VN,1731518892
67,sinabang,2.4803,96.3801,26.3,87,92,1.97,ID,1731518893
68,aasiaat,68.7098,-52.8699,-2.02,93,100,11.82,GL,1731518894
69,plainview,40.7765,-73.4673,8.77,40,0,4.63,US,1731518895
70,hampton bays,40.869,-72.5176,8.02,47,0,6.71,US,1731518896
71,ilulissat,69.2167,-51.1,0.01,74,75,7.2,GL,1731518898
72,college,64.8569,-147.8028,-17.83,79,75,1.54,US,1731518900
73,waitangi,-43.9535,-176.5597,10.46,76,0,3.19,NZ,1731518901
74,vorkuta,67.5,64.0,-26.5,100,93,2.5,RU,1731518902
75,roma,43.2128,-75.4557,6.49,52,0,2.57,US,1731518801
76,sur,22.5667,59.5289,27.37,59,10,2.48,OM,1731518757
77,puerto ayora,-0.7393,-90.3518,24.19,79,31,3.13,EC,1731518905
78,masterton,-40.9597,175.6575,12.29,92,100,2.02,NZ,1731518908
79,papatowai,-46.5619,169.4708,8.65,94,100,1.26,NZ,1731518909
80,petropavlovsk-kamchatsky,53.0452,158.6483,-12.67,61,0,4.0,RU,1731518910
81,vilyuchinsk,52.9306,158.4028,-11.85,88,6,4.05,RU,1731518686
82,new norfolk,-42.7826,147.0587,8.84,90,100,1.42,AU,1731518815
83,ushuaia,-54.8,-68.3,10.81,43,0,2.57,AR,1731518773
84,kodiak,57.79,-152.4072,1.73,44,0,4.63,US,1731518916
85,cabo san lucas,22.8909,-109.9124,29.17,45,0,3.13,MX,1731518917
86,suva,-18.1416,178.4415,24.71,100,75,1.54,FJ,1731518918
87,tromso,69.6496,18.957,4.01,81,75,8.75,NO,1731518919
88,flying fish cove,-10.4217,105.6791,26.82,100,100,4.12,CX,1731518858
89,sinop,41.7711,34.8709,9.13,93,96,0.5,TR,1731518922
90,bereznik,62.8551,42.7072,1.69,88,100,4.24,RU,1731518923
91,akureyri,65.6835,-18.0878,7.96,53,20,10.8,IS,1731518924
92,gamay,12.3854,125.2979,24.35,96,100,1.21,PH,1731518925
93,viriat,46.2548,5.2157,4.97,91,100,1.66,FR,1731518926
94,kongolo,-5.3833,27.0,24.08,70,33,1.87,CD,1731518927
95,prince rupert,54.3161,-130.3201,8.83,89,100,3.6,CA,1731518929
96,kolosovka,56.4678,73.611,-13.11,95,93,4.32,RU,1731518821
97,senanga,-16.1167,23.2667,27.08,48,96,3.0,ZM,1731518931
98,muisne,0.6,-80.0333,23.38,76,100,4.34,EC,1731518933
99,susanville,40.4163,-120.653,7.68,59,100,0.45,US,1731518830
100,avarua,-21.2078,-159.775,22.03,78,100,2.57,CK,1731518935
101,selfoss,63.9331,-20.9971,6.14,80,93,3.65,IS,1731518937
102,teknaf,20.8624,92.3058,24.37,69,2,4.33,BD,1731518938
103,oranjemund,-28.55,16.4333,15.45,86,49,9.93,NA,1731518939
104,chinchilla,-26.75,150.6333,18.9,95,42,1.34,AU,1731518940
105,lensk,60.7253,114.9278,-20.53,100,87,2.17,RU,1731518941
106,chita,52.0333,113.55,-15.06,61,4,1.0,RU,1731518942
107,fortuna foothills,32.6578,-114.4119,19.05,21,0,3.09,US,1731518943
108,port alfred,-33.5906,26.891,17.32,78,92,3.93,ZA,1731518945
109,bredasdorp,-34.5322,20.0403,16.72,64,86,6.3,ZA,1731518946
110,pindushi,62.9152,34.58,2.93,91,100,5.35,RU,1731518947
111,mount isa,-20.7333,139.5,29.87,23,62,4.63,AU,1731518948
112,balakhta,55.38,91.6,-11.63,86,77,1.15,RU,1731518949
113,thinadhoo,0.5333,72.9333,28.22,75,30,4.72,MV,1731518950
114,ryotsu-minato,38.0833,138.4333,9.89,67,99,2.44,JP,1731518951
115,minas de marcona,-15.2119,-75.1103,20.09,56,96,3.68,PE,1731518953
116,pisco,-13.7,-76.2167,20.57,83,100,4.12,PE,1731518713
117,necochea,-38.5473,-58.7368,22.62,42,50,2.74,AR,1731518955
118,vorgashor,67.5833,63.95,-24.3,100,97,3.36,RU,1731518957
119,apen,53.2167,7.8,10.55,90,100,3.99,DE,1731518958
120,fale old settlement,-9.3852,-171.2468,28.4,77,3,6.72,TK,1731518959
121,ola,59.5833,151.2833,-18.95,76,72,3.64,RU,1731518961
122,lamu,-2.2717,40.902,25.65,86,34,2.43,KE,1731518962
123,priyutnoye,46.1011,43.5072,3.83,68,72,5.81,RU,1731518963
124,saudarkrokur,65.7461,-19.6394,5.0,83,27,7.53,IS,1731518964
125,tahe,52.3333,124.7333,-13.06,97,71,0.75,CN,1731518965
126,daru,-9.0763,143.2092,26.79,86,98,6.23,PG,1731518966
127,keetmanshoop,-26.5833,18.1333,32.51,9,2,3.6,NA,1731518967
128,howard springs,-12.497,131.047,25.95,91,100,1.9,AU,1731518968
129,ulladulla,-35.35,150.4667,15.93,89,60,4.11,AU,1731518970
130,san patricio,28.017,-97.5169,28.97,54,9,0.73,US,1731518971
131,bandon,51.7469,-8.7425,7.77,83,77,2.57,IE,1731518972
132,as sulayyil,20.4607,45.5779,24.09,20,2,3.54,SA,1731518973
133,vila velha,-20.3297,-40.2925,28.97,89,20,4.63,BR,1731518974
134,kiunga,-6.1219,141.2906,22.32,100,100,1.7,PG,1731518975
135,sarupathar,26.1984,93.8094,19.2,90,0,0.92,IN,1731518976
136,beichengqu,40.4394,113.1536,5.97,90,100,0.43,CN,1731518978
137,thompson,55.7435,-97.8558,1.09,80,20,4.63,CA,1731518979
138,dikhil,11.5,42.1667,26.46,44,2,4.44,DJ,1731518980
139,hamilton,39.1834,-84.5333,14.0,60,0,3.13,US,1731518102
140,mahad,18.0833,73.4167,24.71,60,42,1.6,IN,1731518982
141,whitehorse,60.7161,-135.0538,-5.57,86,100,2.06,CA,1731518984
142,grand falls-windsor,48.9332,-55.6649,0.84,91,100,3.13,CA,1731518689
143,pacific grove,36.6177,-121.9166,14.12,85,0,4.02,US,1731518986
144,cartagena del chaira,1.3349,-74.8429,31.96,52,93,1.0,CO,1731518987
145,nuuk,64.1835,-51.7216,-2.66,74,20,7.72,GL,1731518988
146,korsakov,46.6328,142.7813,-9.09,63,0,3.07,RU,1731518989
147,mar del plata,-38.0023,-57.5575,20.01,66,0,4.12,AR,1731518515
148,bulford,51.1893,-1.7601,8.14,81,0,2.57,GB,1731518991
149,bikenibeu village,1.3673,173.1241,26.98,78,20,3.6,KI,1731518993
150,nemuro,43.3236,145.575,3.61,63,6,5.38,JP,1731518994
151,san antonio de pale,-1.4014,5.6325,25.11,90,100,7.18,GQ,1731518995
152,cabinda,-5.55,12.2,28.08,83,75,3.6,AO,1731518996
153,morinville,53.8001,-113.652,1.95,87,0,1.03,CA,1731518997
154,shenjiamen,29.9576,122.298,20.12,85,62,3.74,CN,1731519000
155,hadibu,12.65,54.0333,26.03,66,3,4.86,YE,1731519001
156,longyearbyen,78.2186,15.6401,2.91,75,40,9.26,SJ,1731519002
157,tuy hoa,13.0833,109.3,23.55,96,41,0.97,VN,1731519003
158,bode saadu,8.9333,4.7833,30.18,35,37,0.85,NG,1731519005
159,kudahuvadhoo,2.6708,72.8944,28.38,69,55,2.98,MV,1731519006
160,halfway,39.6207,-77.7589,9.38,49,0,1.54,US,1731519007
161,port saint john's,-31.6229,29.5448,16.8,92,87,2.57,ZA,1731519009
162,port elizabeth,-33.918,25.5701,17.4,77,75,4.12,ZA,1731519010
163,hasaki,35.7333,140.8333,17.59,59,92,5.24,JP,1731519011
164,itoman,26.1247,127.6694,26.01,83,75,3.6,JP,1731519012
165,kill devil hills,36.0307,-75.676,13.88,62,100,5.14,US,1731519013
166,dzuunharaa,48.8523,106.4579,-5.54,82,88,0.52,MN,1731519014
167,palu,-0.8917,119.8707,24.39,95,89,1.44,ID,1731519015
168,lawrenceburg,38.0373,-84.8966,16.4,55,0,4.02,US,1731519017
169,shingu,33.7333,135.9833,14.82,76,35,2.49,JP,1731519018
170,utrik,11.2278,169.8474,28.06,75,61,5.18,MH,1731519019
171,udachny,66.4167,112.4,-29.19,99,61,2.44,RU,1731519020
172,gadzhiyevo,69.2551,33.3362,3.1,88,100,8.35,RU,1731519021
173,anadyr,64.75,177.4833,-2.72,80,100,13.0,RU,1731518765
174,peniche,39.3558,-9.3811,11.98,63,71,8.17,PT,1731519024
175,new batu batu,5.0667,119.8833,27.32,75,26,1.84,PH,1731519025
176,murzuq,25.9155,13.9184,20.27,21,99,2.02,LY,1731519026
177,vernon,50.2581,-119.2691,7.64,84,100,2.06,CA,1731519027
178,smithers,54.7804,-127.1743,0.18,100,100,0.0,CA,1731518947
179,saldanha,-33.0117,17.9442,16.12,77,1,14.24,ZA,1731519029
180,sao joao da barra,-21.6403,-41.0511,25.05,83,100,6.49,BR,1731519030
181,tiksi,71.6872,128.8694,-25.49,100,88,1.77,RU,1731519032
182,romny,50.751,33.4747,1.64,73,100,2.26,UA,1731519033
183,kaka,37.3482,59.6143,8.05,63,100,1.85,TM,1731519034
184,kirensk,57.7853,108.1119,-10.14,87,100,3.98,RU,1731519035
185,santa rosa misiones,-26.8667,-56.85,28.8,22,0,3.47,PY,1731519036
186,'ain deheb,34.8422,1.547,15.03,49,59,8.5,DZ,1731519037
187,nova vicosa,-17.8919,-39.3719,28.74,67,38,6.92,BR,1731519039
188,canutama,-6.5339,-64.3831,27.39,86,99,2.13,BR,1731519040
189,kyren,51.6828,102.1408,-12.53,82,47,0.52,RU,1731519041
190,la passe,45.5549,-0.8967,8.56,66,16,8.03,FR,1731519042
191,raholt,60.2667,11.1833,1.04,89,100,1.54,NO,1731519043
192,segou,13.4317,-6.2157,29.06,22,100,1.84,ML,1731519044
193,kita,13.0349,-9.4895,30.17,25,97,1.44,ML,1731519045
194,malabar,-33.9667,151.25,18.84,88,100,3.6,AU,1731519047
195,luderitz,-26.6481,15.1594,21.61,49,63,10.16,NA,1731519048
196,tangalle,6.024,80.7911,25.51,90,58,2.02,LK,1731519049
197,ntungamo,-0.8833,29.65,19.55,78,56,1.4,UG,1731519050
198,yorkton,51.2167,-102.4677,4.91,70,100,3.6,CA,1731519051
199,korla,41.7597,86.1469,8.45,51,88,2.7,CN,1731519052
200,carolina,18.3808,-65.9574,31.66,76,20,4.12,PR,1731519053
201,lucas,41.6501,-83.6666,9.07,51,0,5.14,US,1731518833
202,timbuktu,16.7735,-3.0074,30.51,12,0,3.12,ML,1731519058
203,hithadhoo,-0.6,73.0833,28.29,75,97,5.76,MV,1731519059
204,codrington,-38.2667,141.9667,9.34,76,69,3.26,AU,1731519060
205,port augusta,-32.5,137.7667,15.55,75,0,4.91,AU,1731518878
206,nova sintra,14.8667,-24.7167,25.85,69,65,9.0,CV,1731518830
207,hawaiian paradise park,19.5933,-154.9731,21.73,97,100,4.12,US,1731519064
208,colonia,50.9333,6.95,8.87,89,100,3.09,DE,1731518796
209,dhidhdhoo,6.8833,73.1,28.28,72,79,3.2,MV,1731519066
210,mhlume,-26.0333,31.85,21.32,64,20,5.02,SZ,1731519067
211,ouadda,8.0777,22.4007,24.6,45,10,2.32,CF,1731519068
212,cidreira,-30.1811,-50.2056,22.93,39,57,2.91,BR,1731519070
213,novoshakhtinskiy,44.025,132.1514,1.63,88,87,2.92,RU,1731519071
214,lompoc,34.6391,-120.4579,16.74,38,20,2.57,US,1731519072
215,takoradi,4.8845,-1.7554,28.0,79,61,2.03,GH,1731518843
216,qaqortoq,60.7167,-46.0333,-0.52,99,100,4.07,GL,1731519074
217,lihue,21.9789,-159.3672,23.77,64,20,8.23,US,1731519075
218,tolanaro,-25.0319,46.9987,26.04,89,40,5.14,MG,1731519077
219,shatrovo,56.5167,64.6333,-7.79,95,100,2.97,RU,1731519079
220,shakawe,-18.3667,21.85,26.41,47,99,1.49,BW,1731519080
221,bubaque,11.2833,-15.8333,28.68,49,100,2.96,GW,1731519081
222,constantia,44.1833,28.65,6.5,83,100,4.42,RO,1731519083
223,remire-montjoly,4.9167,-52.2667,31.02,70,75,6.69,GF,1731519084
224,banda aceh,5.5577,95.3222,26.46,83,94,2.21,ID,1731519085
225,sampit,-2.5333,112.95,24.24,96,90,0.04,ID,1731519087
226,ishinomaki,38.4167,141.3,6.73,75,83,2.72,JP,1731519089
227,hammerfest,70.6634,23.6821,5.25,81,75,7.2,NO,1731519091
228,illizi,26.4833,8.4667,23.0,24,1,3.11,DZ,1731519092
229,fairmont,39.4851,-80.1426,15.64,28,91,1.79,US,1731519093
230,goure,13.9835,10.2704,28.23,17,1,4.49,NE,1731519094
231,batarasa,8.6617,117.6222,26.47,85,41,1.38,PH,1731519095
232,karakoyunlu,39.8704,43.6301,-0.11,85,46,0.77,TR,1731519097
233,madridejos,39.4682,-3.532,9.07,90,100,10.37,ES,1731519098
234,queenstown,-31.8976,26.8753,12.48,82,64,4.35,ZA,1731519099
235,afaahiti,-17.75,-149.2833,23.38,74,100,7.05,PF,1731519100
236,kedrovyy,56.1667,91.8167,-14.56,90,85,1.61,RU,1731519101
237,ribeira grande,38.5167,-28.7,21.22,73,20,3.58,PT,1731519103
238,katsuren-haebaru,26.3369,127.8719,26.01,88,75,3.09,JP,1731519104
239,enewetak,11.3474,162.3373,28.29,75,28,7.58,MH,1731519105
240,settat,33.0007,-7.6204,16.67,64,100,4.1,MA,1731519106
241,nizhneudinsk,54.9076,99.0276,-12.37,89,89,0.92,RU,1731519107
242,north bend,43.4065,-124.2243,11.8,93,100,5.14,US,1731519108
243,susuman,62.7833,148.1667,-25.57,99,100,1.08,RU,1731519109
244,harstad,68.799,16.5293,2.86,96,100,13.41,NO,1731519110
245,rivera,-30.9053,-55.5508,25.17,82,2,4.31,UY,1731519112
246,newman,37.3138,-121.0208,14.72,52,59,2.92,US,1731519113
247,tapes,-30.6733,-51.3958,23.18,41,8,1.4,BR,1731519114
248,nampula,-15.1165,39.2666,29.97,45,40,6.17,MZ,1731518924
249,sretensk,52.2453,117.7093,-16.09,99,68,1.24,RU,1731519116
250,arica,-18.475,-70.3042,22.13,56,0,7.2,CL,1731518972
251,kingston,17.997,-76.7936,31.2,74,20,4.63,JM,1731519119
252,luanco,43.6152,-5.7934,12.79,77,73,7.29,ES,1731519120
253,puerto baquerizo moreno,-0.9,-89.6,25.55,69,40,6.69,EC,1731519041
254,bardai,11.65,7.2333,25.42,32,6,3.77,NG,1731519122
255,tazacorte,28.629,-17.9293,22.54,61,20,2.24,ES,1731519124
256,richards bay,-28.783,32.0377,21.19,70,10,6.66,ZA,1731519125
257,six-fours-les-plages,43.0938,5.84,14.3,64,0,4.12,FR,1731519127
258,general acha,-37.377,-64.6043,28.68,21,35,3.63,AR,1731519058
259,mokhsogollokh,61.4681,128.9203,-20.7,99,94,1.43,RU,1731519129
260,moama,-36.1167,144.7833,8.63,84,18,4.78,AU,1731519130
261,polatli,39.5772,32.1413,9.89,56,24,1.3,TR,1731519131
262,beira,-19.8436,34.8389,27.05,78,20,5.14,MZ,1731518971
263,san andres,12.5847,-81.7006,30.01,79,40,2.57,CO,1731519134
264,saint albans,51.75,-0.3333,9.58,89,64,3.6,GB,1731519135
265,mao,39.8885,4.2658,17.31,82,20,3.09,ES,1731518937
266,panauti,27.5814,85.5124,14.18,88,20,1.03,NP,1731519137
267,dhuusamarreeb,5.535,46.3861,29.91,46,55,1.17,SO,1731519138
268,kisangani,0.5167,25.2,29.2,74,20,0.0,CD,1731519139
269,laholm,56.5121,13.0437,9.08,91,96,4.8,SE,1731519140
270,calama,-22.4667,-68.9333,23.27,13,0,8.75,CL,1731519049
271,belmonte,-15.8631,-38.8828,27.75,70,61,6.46,BR,1731518850
272,leh,34.1667,77.5833,-2.19,55,80,2.37,IN,1731519145
273,brejo da madre de deus,-8.1458,-36.3711,33.23,24,25,5.88,BR,1731519146
274,chonchi,-42.6128,-73.8092,17.84,83,99,0.72,CL,1731519147
275,kajaani,64.2273,27.7285,5.03,87,75,5.66,FI,1731519149
276,claveria,18.6074,121.0832,25.29,91,58,3.67,PH,1731519150
277,kavieng,-2.5744,150.7967,27.24,78,44,5.5,PG,1731519151
278,portland,45.5234,-122.6762,11.36,95,100,3.13,US,1731519010
279,bamboo flat,11.7,92.7167,28.05,83,40,1.03,IN,1731519153
280,island harbour,50.724,-1.2758,10.04,67,76,3.33,GB,1731519154
281,poronaysk,49.2167,143.1167,-3.59,63,16,2.91,RU,1731518992
282,laghouat,33.8,2.8651,16.76,47,68,3.99,DZ,1731519157
283,puerto colombia,10.9878,-74.9547,27.05,73,76,4.4,CO,1731519158
284,vize,41.5725,27.7658,8.52,87,100,3.52,TR,1731519159
285,sao felix do xingu,-6.6447,-51.995,28.19,65,86,2.04,BR,1731519017
286,port lincoln,-34.7333,135.8667,13.71,66,65,3.87,AU,1731519161
287,chipinge,-20.1883,32.6236,17.92,95,68,1.62,ZW,1731519162
288,bathurst,-33.4166,149.5806,9.98,99,0,1.05,AU,1731519163
289,crane,31.3974,-102.3501,20.44,16,0,7.77,US,1731519149
290,tarawa,1.419,172.984,27.05,78,20,3.6,KI,1731519166
291,aquidauana,-20.4711,-55.7872,27.24,37,99,1.52,BR,1731519167
292,lycksele,64.5954,18.6735,4.93,70,75,2.06,SE,1731519168
293,antofagasta,-23.65,-70.4,19.6,67,10,3.39,CL,1731518660
294,puerto deseado,-47.7503,-65.8938,12.54,58,0,7.26,AR,1731519170
295,mossendjo,-2.9506,12.7261,22.31,96,48,0.07,CG,1731519172
296,mezhdurechenskiy,59.6,65.9333,-15.26,92,59,1.84,RU,1731519173
297,lubang,13.8584,120.124,28.57,74,90,3.56,PH,1731519174
298,kasongo-lunda,-6.4667,16.8167,26.82,70,100,0.41,CD,1731519175
299,novotroitskaya,45.3267,41.5253,4.82,76,42,2.96,RU,1731519177
300,durban,-29.8579,31.0292,21.51,82,21,9.26,ZA,1731519178
301,loralai,30.3705,68.598,14.57,28,51,2.8,PK,1731519180
302,mugumu,-1.85,34.7,18.7,80,93,1.2,TZ,1731519181
303,kerikeri,-35.2268,173.9474,17.73,94,90,1.34,NZ,1731519182
304,south hedland,-20.4089,118.5983,30.96,37,10,6.69,AU,1731519183
305,severo-yeniseyskiy,60.3725,93.0408,-15.57,90,100,4.25,RU,1731519184
306,huarmey,-10.0681,-78.1522,21.78,70,88,4.04,PE,1731518608
307,klyuchi,52.2667,79.1667,-7.12,92,100,6.49,RU,1731519186
308,fonte boa,-2.4959,-66.2662,26.21,90,89,2.36,BR,1731519189
309,la rioja,42.25,-2.5,5.88,79,90,0.99,ES,1731519134
310,fort bragg,35.139,-79.006,14.95,50,0,3.6,US,1731519191
311,capo d'orlando,38.1435,14.7305,18.5,72,1,4.03,IT,1731519192
312,alaghsas,17.0187,8.0168,29.94,15,0,6.17,NE,1731519193
313,pinczow,50.5205,20.5265,-0.22,71,37,2.06,PL,1731519194
314,at taj,24.2049,23.2857,19.98,27,7,5.01,LY,1731519196
315,alotau,-10.3069,150.4462,24.61,95,82,1.19,PG,1731519199
316,kawm umbu,24.4767,32.9463,23.93,22,39,4.72,EG,1731519200
317,bir hadaj,31.0263,34.7031,17.82,83,19,4.16,IL,1731519201
318,bykhaw,53.5193,30.2469,1.52,72,78,1.74,BY,1731519203
319,kenitra,34.261,-6.5802,19.42,71,100,4.63,MA,1731519204
320,port macquarie,-31.4333,152.9167,18.55,95,69,1.1,AU,1731519205
321,emerald,-23.5333,148.1667,21.3,84,97,3.93,AU,1731519027
322,caarapo,-22.6342,-54.8222,29.73,18,0,3.57,BR,1731519207
323,kiffa,16.6166,-11.4045,32.19,15,0,0.98,MR,1731519208
324,lerwick,60.1545,-1.1494,8.95,82,54,10.03,GB,1731519210
325,nouadhibou,20.931,-17.0347,23.99,57,3,8.23,MR,1731519211
326,konstantinovskoye,45.2992,42.6367,3.1,80,55,4.37,RU,1731519212
327,afif,23.9065,42.9172,23.2,19,13,2.37,SA,1731519213
328,freetown,8.484,-13.2299,27.2,75,92,2.33,SL,1731519214
329,aswan,24.0934,32.907,27.61,21,0,3.6,EG,1731519215
330,centralia,46.7162,-122.9543,11.38,95,100,0.89,US,1731519216
331,tha kham,9.1107,99.2321,26.68,100,45,0.89,TH,1731519218
332,mount pearl,47.5166,-52.7813,4.07,95,100,11.32,CA,1731519219
333,chibougamau,49.9168,-74.3659,-2.21,64,0,4.63,CA,1731519220
334,petropavlovka,50.6114,105.3196,-11.89,86,83,0.66,RU,1731519221
335,antsiranana,-12.2787,49.2917,24.48,77,99,5.63,MG,1731519222
336,alpine,32.835,-116.7664,20.71,27,0,1.61,US,1731519224
337,hami,42.8,93.45,8.29,56,46,2.07,CN,1731519225
338,don sak,9.3168,99.6918,26.47,76,49,0.78,TH,1731519226
339,ataq,14.5377,46.8319,21.46,21,5,1.22,YE,1731519227
340,stepnogorsk,52.3544,71.8869,-10.44,93,95,5.23,KZ,1731519228
341,ghanzi,-21.5667,21.7833,28.96,29,96,3.86,BW,1731519229
342,jaisalmer,26.9147,70.9181,27.02,26,0,2.15,IN,1731519230
343,ciranjang-hilir,-6.82,107.2572,23.49,95,95,0.3,ID,1731519232
344,tindouf,27.6711,-8.1474,24.25,33,0,5.66,DZ,1731518996
345,qionghai,19.2425,110.4642,22.25,93,51,1.24,CN,1731519234
346,sangsong-ni,39.1694,126.8856,8.14,88,80,0.38,KP,1731519235
347,margate,51.3813,1.3862,9.93,82,79,3.41,GB,1731519094
348,hadithah,34.1397,42.3781,18.69,49,4,4.17,IQ,1731519237
349,mejit,10.2753,170.8646,28.23,71,87,6.97,MH,1731519239
350,haimen,23.1935,116.6142,22.77,87,100,8.84,CN,1731519240
351,laguna,38.421,-121.4238,13.04,80,0,3.6,US,1731519241
352,ueno-ebisumachi,34.75,136.1333,9.19,94,27,0.73,JP,1731519242
353,cidade velha,14.9167,-23.6167,29.26,39,20,5.66,CV,1731519243
354,carnarvon,-24.8667,113.6333,21.16,86,100,5.34,AU,1731519244
355,labrador city,52.9463,-66.9114,-6.05,58,20,2.57,CA,1731519012
356,saipan,15.1355,145.701,27.39,87,75,5.14,MP,1731519239
357,boa vista,2.8197,-60.6733,32.99,49,75,3.6,BR,1731518993
358,bandarbeyla,9.4942,50.8122,25.97,65,2,9.77,SO,1731519250
359,strelka,58.0728,93.0344,-11.98,89,98,2.2,RU,1731519251
360,holualoa,19.6228,-155.9522,20.91,84,40,2.57,US,1731519252
361,jaito,30.4667,74.8833,20.76,34,38,0.95,IN,1731519254
362,tsiombe,-25.3,45.4833,24.74,77,77,4.95,MG,1731519113
363,aldan,58.6031,125.3894,-11.78,95,100,3.01,RU,1731519256
364,amga,60.8953,131.9608,-26.88,100,70,0.79,RU,1731519257
365,revda,56.801,59.9303,-2.96,93,100,5.27,RU,1731519258
366,inirida,3.8653,-67.9239,35.25,45,78,0.71,CO,1731519259
367,al kharj,24.155,47.3346,27.32,19,3,2.14,SA,1731519260
368,tazovsky,67.4667,78.7,-27.94,100,92,2.03,RU,1731519262
369,nyurba,63.2842,118.3319,-19.91,97,92,2.96,RU,1731519263
370,tobruk,32.0836,23.9764,21.83,54,91,3.28,LY,1731519264
371,yuzhno-sukhokumsk,44.6581,45.6436,7.87,62,81,4.64,RU,1731519266
372,noosa heads,-26.3833,153.15,21.12,89,92,2.24,AU,1731519267
373,yuzhno-kurilsk,44.0306,145.8556,2.48,67,43,4.87,RU,1731519168
374,rawson,-43.3002,-65.1023,28.16,23,0,6.17,AR,1731519270
375,lae,-6.7221,146.9847,23.07,76,76,2.95,PG,1731519271
376,noumea,-22.2763,166.4572,24.46,70,72,1.81,NC,1731519010
377,hobyo,5.3505,48.5268,27.1,75,5,6.57,SO,1731519273
378,geraldton,-28.7667,114.6,19.23,82,74,4.63,AU,1731519274
379,lubao,14.9167,120.55,26.84,90,99,0.73,PH,1731519275
380,talara,-4.5772,-81.2719,25.42,61,0,5.14,PE,1731519277
381,tete,-16.1564,33.5867,28.69,61,59,0.52,MZ,1731519278
382,rosarito,32.3333,-117.0333,22.51,28,0,1.74,MX,1731519272
383,buka,40.8108,69.1986,3.11,55,100,2.28,UZ,1731519085
384,saint-pierre,-21.3393,55.4781,24.82,73,100,1.03,RE,1731519132
385,anatuya,-28.4606,-62.8347,33.06,17,0,4.52,AR,1731519098
386,buedu,8.2803,-10.3719,24.17,87,95,0.65,SL,1731519284
387,shimanovsk,52.0,127.7,-9.19,96,15,2.2,RU,1731519285
388,cambria,35.5641,-121.0808,13.92,72,42,0.45,US,1731519286
389,preobrazheniye,42.9019,133.9064,3.37,53,41,2.91,RU,1731519287
390,hirara,24.8,125.2833,26.15,94,75,4.63,JP,1731519288
391,esquipulas,14.5667,-89.35,28.23,78,75,2.06,GT,1731519289
392,tan-tan,28.438,-11.1032,20.97,68,40,6.69,MA,1731519290
393,mwene-ditu,-7.0,23.45,22.96,75,56,1.55,CD,1731519292
394,kaseda-shirakame,31.4167,130.3167,18.55,82,0,3.01,JP,1731519293
395,miyaly,48.8844,53.7836,-1.32,77,76,4.0,KZ,1731519294
396,rosetta,31.4044,30.4164,20.6,69,19,5.94,EG,1731519295
397,veinticinco de mayo,-35.4323,-60.1727,28.32,31,37,2.82,AR,1731519296
398,lindesberg,59.592,15.2304,7.84,95,91,1.76,SE,1731519297
399,berezovyy,51.6667,135.7,-6.94,56,96,2.17,RU,1731519298
400,ifanadiana,-21.3,47.6333,20.8,86,0,0.85,MG,1731519300
401,bima,-8.4667,118.7167,25.33,86,79,0.95,ID,1731519301
402,keflavik,64.0049,-22.5624,7.24,76,100,4.63,IS,1731519236
403,hayden,47.766,-116.7866,5.93,73,100,1.34,US,1731519256
404,saqqez,36.2499,46.2735,7.73,73,64,1.71,IR,1731519304
405,callao,-12.0667,-77.15,22.16,64,40,6.69,PE,1731519305
406,mitsamiouli,-11.3847,43.2844,27.08,77,9,3.03,KM,1731519307
407,tiverton,50.9,-3.4833,7.15,86,0,1.54,GB,1731519308
408,montepuez,-13.1256,38.9997,26.3,62,37,3.78,MZ,1731519309
409,sillamae,59.3997,27.7547,5.3,78,99,6.26,EE,1731519311
410,laojunmiao,39.8333,97.7333,3.19,48,97,1.9,CN,1731519314
411,port douglas,-16.4833,145.4667,23.74,78,24,0.6,AU,1731519315
412,baoding,38.8511,115.4903,10.08,91,100,1.33,CN,1731519274
413,macapa,0.0389,-51.0664,34.99,49,20,6.17,BR,1731519317
414,nishinoomote,30.7333,131.0,21.93,80,35,6.9,JP,1731519318
415,mangrol,21.1167,70.1167,27.47,60,0,2.63,IN,1731519321
416,glace bay,46.1969,-59.957,3.32,82,75,14.92,CA,1731519322
417,azul,-36.777,-59.8585,25.72,32,47,3.07,AR,1731519041
418,andergrove,-21.0833,149.1833,23.8,80,51,0.79,AU,1731519324
419,karratha,-20.7377,116.8463,29.88,36,28,7.32,AU,1731519325
420,namibe,-15.1961,12.1522,25.56,64,84,4.12,AO,1731519264
421,luganville,-15.5333,167.1667,25.65,89,93,1.92,VU,1731519328
422,east london,-33.0153,27.9116,17.52,67,75,3.6,ZA,1731519329
423,sola,-13.8833,167.55,27.02,82,100,5.94,VU,1731519330
424,jebrail,39.3992,47.0283,6.46,92,99,1.03,AZ,1731519331
425,papao,-17.75,-149.55,26.48,75,100,8.33,PF,1731519332
426,okha,53.5739,142.9478,-6.51,82,59,5.7,RU,1731519333
427,pangody,65.85,74.4859,-21.42,99,93,3.23,RU,1731519334
428,mujiayingzi,42.1167,118.7833,8.31,78,100,2.1,CN,1731519335
429,san luis de la loma,17.2706,-100.8939,28.78,69,97,2.82,MX,1731519337
430,santa cruz,-17.8,-63.1667,29.03,34,20,7.72,BO,1731519116
431,paracuru,-3.41,-39.0306,29.57,60,53,6.28,BR,1731519340
432,dunedin,-45.8742,170.5036,11.56,98,100,1.65,NZ,1731519040
433,fuxin,42.0156,121.6589,10.0,92,100,1.56,CN,1731519342
434,broome,42.2506,-75.833,7.97,50,0,2.57,US,1731519344
435,shimoda,34.6667,138.95,16.53,76,89,4.8,JP,1731519345
436,ormara,25.2088,64.6357,27.05,58,0,2.94,PK,1731519346
437,filiatra,37.15,21.5833,19.47,80,61,4.12,GR,1731519347
438,isetskoye,56.4858,65.3226,-8.87,94,81,2.32,RU,1731519348
439,chateaudun,48.0833,1.3333,6.8,77,93,4.86,FR,1731519349
440,sitka,57.0531,-135.33,2.94,87,40,0.0,US,1731519087
441,brookings,44.3114,-96.7984,6.73,100,100,1.54,US,1731519352
442,winslow,35.0242,-110.6974,6.1,45,0,1.54,US,1731519353
443,arraial do cabo,-22.9661,-42.0278,21.92,100,100,2.57,BR,1731519214
444,hungnam,39.8317,127.6186,9.06,73,43,2.05,KP,1731519355
445,tokar,18.4254,37.729,28.92,68,20,5.57,SD,1731519356
446,la gi,10.6667,107.7833,24.8,89,11,3.26,VN,1731519357
447,nar'yan-mar,67.6713,53.087,-0.58,98,100,4.22,RU,1731519359
448,banfora,10.6333,-4.7667,30.43,34,63,0.9,BF,1731519360
449,akrehamn,59.2667,5.1833,9.14,87,100,4.63,NO,1731519362
450,ancud,-41.8697,-73.8203,12.49,90,100,3.23,CL,1731519156
451,kolonia town,6.964,158.206,26.0,94,100,0.0,FM,1731519364
452,weno,7.4515,151.8468,28.01,76,76,3.96,FM,1731519269
453,usinsk,65.9939,57.5281,-7.14,95,100,5.74,RU,1731519367
454,san juan de miraflores,-12.1629,-76.9635,21.29,74,66,4.84,PE,1731519368
455,kuusamo,65.9667,29.1833,2.02,100,75,4.12,FI,1731519369
456,safford,32.834,-109.7076,13.19,25,0,1.54,US,1731519370
457,baiyin,36.5583,104.2081,5.15,70,0,1.22,CN,1731519371
458,madhipura,25.9167,86.7833,21.72,57,0,1.28,IN,1731519372
459,whangarei,-35.7317,174.3239,17.24,90,100,2.75,NZ,1731519374
460,sirte,31.2089,16.5887,22.83,54,100,4.54,LY,1731519375
461,hassi messaoud,31.6804,6.0729,23.92,29,0,1.03,DZ,1731519376
462,zaragoza,41.6561,-0.8773,11.68,68,75,3.09,ES,1731519093
463,palamos,41.8484,3.1291,12.22,65,100,5.63,ES,1731519378
464,tomohon,1.3346,124.8392,19.52,95,76,0.72,ID,1731519379
465,usakos,-22.0,15.6,25.81,30,4,4.87,NA,1731519381
466,twon-brass,4.3151,6.2418,27.54,80,68,5.57,NG,1731519382
467,altar,30.7,-111.8167,21.71,15,0,0.31,MX,1731519383
468,fort stockton,30.894,-102.8793,18.42,20,0,7.72,US,1731519384
469,vikasnagar,30.4683,77.775,18.04,53,8,3.04,IN,1731519385
470,vila franca do campo,37.7167,-25.4333,19.23,99,60,2.94,PT,1731519386
471,buala,-8.145,159.5921,26.01,83,52,1.49,SB,1731519387
472,yinchuan,38.4681,106.2731,7.31,78,0,0.42,CN,1731519389
473,toliara,-23.35,43.6667,24.62,76,26,6.14,MG,1731519227
474,ta`u,-14.2336,-169.5144,26.81,82,84,10.23,AS,1731519391
475,sambava,-14.2667,50.1667,24.03,80,10,3.66,MG,1731519392
476,barra de santo antonio,-9.4047,-35.5072,26.87,63,25,6.03,BR,1731519187
477,saint-philippe,-21.3585,55.7679,23.89,82,54,3.72,RE,1731519394
478,arar,30.9753,41.0381,18.01,63,0,0.0,SA,1731519395
479,sao vicente,-23.9631,-46.3919,21.08,77,100,1.54,BR,1731519169
480,dalmatovo,56.26,62.9362,-3.36,97,100,4.24,RU,1731519398
481,caleta de carquin,-11.0925,-77.6267,21.42,70,72,4.47,PE,1731519400
482,eydhafushi,5.1033,73.0708,28.21,67,68,3.17,MV,1731519401
483,hengchun,22.0042,120.7439,26.24,81,57,7.63,TW,1731519402
484,yeppoon,-23.1333,150.7333,22.31,87,100,4.91,AU,1731519404
485,soe,-9.8607,124.284,19.39,89,76,1.45,ID,1731519406
486,las tablas,7.7667,-80.2833,26.76,99,95,1.03,PA,1731519407
487,port blair,11.6667,92.75,28.02,83,40,1.03,IN,1731519408
488,deniliquin,-35.5333,144.9667,10.61,76,18,4.78,AU,1731519409
489,turpan,42.9333,89.1667,12.49,44,99,0.89,CN,1731519188
490,ustrzyki dolne,49.4304,22.5938,-3.08,82,77,1.39,PL,1731519412
491,priladozhskiy,59.85,31.4833,4.61,79,100,5.41,RU,1731519413
492,meads,38.4126,-82.7091,16.29,48,0,3.6,US,1731519414
493,khilok,51.3674,110.4676,-17.49,97,4,1.0,RU,1731519415
494,tatarka,44.9589,41.9517,-0.1,88,38,2.77,RU,1731519416
495,asbury,42.5144,-90.7515,8.01,60,0,5.66,US,1731519417
496,ikovka,55.6089,64.9375,-7.71,95,96,2.42,RU,1731519380
497,szikszo,48.2,20.9333,1.04,58,13,0.66,HU,1731519420
498,awjilah,29.1081,21.2869,20.79,33,67,3.18,LY,1731519421
499,al qaryatayn,34.2296,37.2407,14.47,72,14,3.34,SY,1731519422
500,aioun,16.6614,-9.6149,30.43,15,0,1.82,MR,1731519423
501,gagliano del capo,39.8442,18.3695,14.68,63,20,5.66,IT,1731519424
502,hovd,48.0056,91.6419,-4.44,46,48,1.99,MN,1731519425
503,kushiro,42.975,144.3747,-1.47,80,11,2.57,JP,1731519427
504,orizona,-17.0314,-48.2958,23.45,84,99,4.76,BR,1731519428
505,cockburn town,21.4612,-71.1419,27.87,79,60,5.68,TC,1731519429
506,tomatlan,19.9333,-105.25,30.7,59,39,1.89,MX,1731519430
507,kargil,34.5667,76.1,-2.32,69,92,2.91,IN,1731519432
508,flekkefjord,58.2971,6.6607,6.1,76,100,4.04,NO,1731519435
509,puerto yuca,2.9383,-73.2083,33.22,48,79,2.41,CO,1731519436
510,conception bay south,47.4999,-52.9981,4.4,95,100,13.97,CA,1731519437
511,orhangazi,40.4892,29.3089,12.43,90,99,2.28,TR,1731519438
512,panjab,34.388,67.0233,-0.17,100,100,2.57,AF,1731519439
513,fort st. john,56.2499,-120.8529,-5.06,93,100,4.12,CA,1731519206
514,northam,51.0333,-4.2167,7.56,88,95,1.08,GB,1731519442
515,marsa alam,25.0757,34.8918,23.22,66,55,4.88,EG,1731519443
516,medvezh'yegorsk,62.9167,34.4667,3.14,93,100,5.02,RU,1731519445
517,baranchinskiy,58.1617,59.6991,-1.72,86,100,4.91,RU,1731519446
518,galesong,-5.3166,119.3661,26.66,77,60,1.81,ID,1731519447
519,juli,-16.2167,-69.45,13.86,53,59,4.31,PE,1731519448
520,drammen,59.7439,10.2045,9.82,91,85,1.75,NO,1731519350
521,lata,40.1629,-8.3327,7.35,89,85,2.11,PT,1731519451
522,al ain city,24.1917,55.7606,25.79,69,0,3.6,AE,1731519452
523,palmer,42.1584,-72.3287,8.28,32,0,5.14,US,1731519298
524,saint-joseph,-21.3667,55.6167,24.21,82,48,2.97,RE,1731519250
525,ladario,-19.0047,-57.6017,27.05,50,0,3.09,BR,1731519455
526,solnechnyy,50.7214,136.6319,-6.33,59,100,1.21,RU,1731519456
527,guardo,42.7897,-4.8482,5.82,74,77,8.02,ES,1731519458
528,guiratinga,-16.3494,-53.7583,28.05,59,100,1.15,BR,1731519460
529,rio claro,-22.4114,-47.5614,28.55,65,92,3.0,BR,1731519461
530,talnakh,69.4865,88.3972,-22.86,99,100,1.49,RU,1731519462
531,bayanhongor,46.7167,100.1167,-13.43,85,22,2.24,MN,1731519463
532,nadym,65.5333,72.5167,-23.07,99,87,4.04,RU,1731519466
533,sao jose de ribamar,-2.5619,-44.0542,31.21,73,37,7.22,BR,1731519467
534,salinas,36.6777,-121.6555,14.88,73,0,7.2,US,1731519468
535,amahai,-3.3333,128.9167,25.95,84,95,2.07,ID,1731519469
536,villa tecolutilla,18.2833,-93.3167,27.56,65,94,1.37,MX,1731519470
537,jayapura,-2.5333,140.7,24.66,90,100,1.76,ID,1731519472
538,isla del bosque,22.7333,-105.85,27.74,63,88,3.22,MX,1731519473
539,isla vista,34.4133,-119.861,22.42,36,0,0.45,US,1731519474
540,lincheng,19.9078,109.6858,23.56,78,74,1.46,CN,1731519475
541,el bauga,18.262,33.9081,29.09,29,2,5.51,SD,1731519476
542,asubulaq,49.5583,83.0558,-12.17,88,100,2.27,KZ,1731519477
543,ugoofaaru,5.6667,73.0,28.1,68,29,2.64,MV,1731519478
544,touros,-5.1989,-35.4608,28.34,60,4,7.15,BR,1731519479
545,barcelos,41.5388,-8.6151,12.7,53,99,0.85,PT,1731519481
546,rongelap,11.1635,166.8941,28.59,67,52,8.04,MH,1731519482
547,belyy yar,53.6039,91.3903,-10.06,73,100,2.0,RU,1731519483
548,unye,11.4502,13.962,29.3,24,58,3.63,NG,1731519484
549,hosszupalyi,47.393,21.7328,2.0,93,100,1.54,HU,1731519485
550,letlhakeng,-24.0944,25.0298,26.9,29,58,3.52,BW,1731519486
551,sylvan lake,52.3168,-114.0853,0.75,67,20,3.09,CA,1731519488
552,zhumadian,32.9794,114.0294,15.39,92,100,2.83,CN,1731519489
553,petrolina,-9.3986,-40.5008,32.03,51,20,3.6,BR,1731519490
554,thunder bay,48.4001,-89.3168,6.99,70,100,4.63,CA,1731519479
555,cavelossim,15.1726,73.9419,26.99,74,67,1.62,IN,1731519492
556,sakchu-up,40.3894,125.0467,10.22,75,100,1.54,KP,1731519493
557,bodo,67.28,14.405,6.02,84,75,15.43,NO,1731519495
558,kalmunai,7.4167,81.8167,26.79,83,99,1.9,LK,1731519496
559,baiti,13.745,-14.7482,32.69,19,43,1.78,SN,1731519497
560,al ghayzah,16.2079,52.176,26.8,55,12,3.67,YE,1731519498
561,aykhal,66.0,111.5,-27.99,100,64,3.76,RU,1731519499
562,fort meade,39.1082,-76.7432,10.44,44,0,2.06,US,1731519500
